Book Name,Book Price
"101 Ghost & Horror Stories Andaleeb Wajid

",295.00
"101 Science Experiments - Activity Book for Kids - Simple, fun and engaging activities for Kids										Om Books Editorial Team

",295.00
"Story book : 101 Stories from the Vedas the Upanishads and the Puranas										Om Books Editorial Team

",295.00
"101 Fairy Tales for Children: Colourful Illustrated Story book										Om Books Editorial Team

",295.00
"101 Panchatantra Stories for Children: Colourful Illustrated Stories										Om Books Editorial Team

",225.00
"101 Questions and Answers Om Books Editorial Team

",295.00
"101 Good Night Stories Om Books Editorial Team

",250.00
"101 Ghost Stories Om Books Editorial Team

",395.00
"101 Farm Animals Om Books Editorial Team

",395.00
"101 Stories for Boys Om Books Editorial Team

",395.00
"101 Questions and Answers Om Books Editorial Team

",395.00
"101 Bible Stories Om Books Editorial Team

",395.00
"101 Stories for Girls Om Books Editorial Team

",395.00
"101 Wonders of the World Om Books Editorial Team

",395.00
"101 Buddhist stories Om Books Editorial Team

",395.00
"101 Panchatantra Stories Om Books Editorial Team

",395.00
"101 Good Night Stories Om Books Editorial Team

",395.00
"101 Jataka Tales Om Books Editorial Team

",395.00
"101 Jungle Stories Om Books Editorial Team

",395.00
"101 Science Experiments  Om Books Editorial Team

",395.00
"101 Inventions that Changed the World 										Om Books Editorial Team

",395.00
"101 Panchatantra Stories (Hindi) Om Books Editorial Team

",395.00
"101 People Who Changed the World Om Books Editorial Team

",395.00
